{
  "created_at": "2026-05-06T18:49:36.183989+00:00",
  "n_samples": 2939,
  "sequence_length": 256,
  "vocabulary_size": 179,
  "vocabulary_sha256": "ae3141d41fb1d93e33d54e6571c570e1e6286f079afdb1c2440a5d439632e92f",
  "pad_id": 0,
  "unk_id": 1,
  "source_counts": {
    "legacy_broad": 2619,
    "generated_ml_primary": 320
  },
  "source_sequence_lengths": {
    "legacy_broad_original": 128,
    "generated_ml_primary_original": 256,
    "combined": 256
  },
  "verdict_counts": {
    "SAFE": 1607,
    "VULNERABLE": 1332
  },
  "attack_type_counts": {
    "NONE": 1607,
    "IN_BAND": 842,
    "BLIND": 274,
    "SECOND_ORDER": 216
  },
  "language_counts": {
    "unknown_legacy": 2619,
    "python": 80,
    "java": 80,
    "javascript": 80,
    "php": 80
  },
  "suite_counts": {
    "legacy_broad": 2619,
    "generated_ml_primary": 320
  },
  "avg_non_pad_length": 48.28274923443348,
  "max_non_pad_length": 256,
  "min_non_pad_length": 10,
  "padded_samples": 2935,
  "truncated_samples": 0,
  "truncation_rate": 0.0,
  "unk_token_count": 600,
  "unk_rate": 0.004228240417750153,
  "duplicate_sequence_count": 0,
  "top_tokens": [
    [
      "(",
      12157
    ],
    [
      ")",
      12155
    ],
    [
      ".",
      10035
    ],
    [
      "=",
      8462
    ],
    [
      "STRING",
      7378
    ],
    [
      ";",
      7147
    ],
    [
      "VAR_2",
      4978
    ],
    [
      "VAR_1",
      4963
    ],
    [
      "VAR_0",
      4899
    ],
    [
      "VAR_3",
      4443
    ],
    [
      ",",
      4143
    ],
    [
      "VAR_4",
      3437
    ],
    [
      "FUNC_0",
      3413
    ],
    [
      "SQL_STRING",
      2907
    ],
    [
      "FUNC_1",
      2888
    ],
    [
      "VAR_5",
      2503
    ],
    [
      ":",
      2496
    ],
    [
      "[",
      2240
    ],
    [
      "]",
      2240
    ],
    [
      "PROPERTY_0",
      2035
    ],
    [
      "FUNC_2",
      1993
    ],
    [
      "{",
      1977
    ],
    [
      "NUMBER",
      1971
    ],
    [
      "}",
      1969
    ],
    [
      "+",
      1894
    ]
  ],
  "x_sha256": "ea23c3a1f32214b8d9cff1173b5065bd4207a0b929c7af74fcc251e6f627baad",
  "y_sha256": "f31564790c894f546b19790461a6181b67467c49c95ed64ae62634d15417de9c",
  "y_type_sha256": "64f7ac4f2fff0c561791c840f6b8f0da4ea815bf596aeeec762a05b3d73880fa"
}