{
  "strategy": "stratified_by_attack_type_and_language_when_available",
  "seed": 42,
  "train_count": 2057,
  "val_count": 440,
  "test_count": 442,
  "train_indices_sha256": "c234c218792ac3b08ac91d4c7e8dbaa9af4ea5a9fb2fff06ad456644b58fdb13",
  "val_indices_sha256": "dfc9a6d123a613125fa4e014ed895daa46615a4126ba3f0d80b2ebaebd031107",
  "test_indices_sha256": "92954a62e48584bce0e1fd667a551eaff1e58974bf392568bd73bc176148a417",
  "binary_class_weights": {
    "SAFE": 0.914222240447998,
    "VULNERABLE": 1.1035407781600952
  },
  "attack_type_class_weights": {
    "NONE": 0.457111120223999,
    "IN_BAND": 0.8730899691581726,
    "BLIND": 2.6783854961395264,
    "SECOND_ORDER": 3.4056291580200195
  }
}