{
  "strategy": "stratified_by_attack_type_and_language_when_available",
  "seed": 42,
  "train_count": 1441,
  "val_count": 309,
  "test_count": 309,
  "train_indices_sha256": "41285ae56ce47b39d0cb2150c7dd036304d3e0b6ddc0c63e70056b84d20e3c63",
  "val_indices_sha256": "9e35d01b45053e90b860fff6c4678771e180b19dbd88442e8ec14ca9bacd6b85",
  "test_indices_sha256": "131e114dceaec08c7181a60cb9079f17ccd071439741c56ccc0720f7e8112c5c",
  "binary_class_weights": {
    "SAFE": 2.2052242755889893,
    "VULNERABLE": 0.8276931047439575
  },
  "attack_type_class_weights": {
    "NONE": 1.188159704208374,
    "IN_BAND": 1.3046436309814453,
    "BLIND": 2.006455659866333,
    "SECOND_ORDER": 1.0762184858322144
  },
  "type_hardcase_boost": {
    "NONE": 1.25,
    "IN_BAND": 1.5499999523162842,
    "BLIND": 1.7599999904632568,
    "SECOND_ORDER": 0.949999988079071
  },
  "binary_hardcase_boost": {
    "SAFE": 1.159999966621399,
    "VULNERABLE": 1.2200000286102295
  },
  "sample_weight_summary": {
    "train_binary_mean": 3.7415688037872314,
    "train_type_mean": 4.667314052581787,
    "train_binary_max": 5.199999809265137,
    "train_type_max": 7.599999904632568
  },
  "train_family_counts": {
    "v17_flow_vuln:BLIND": 287,
    "baseline:BLIND": 29,
    "v17_flow_vuln:SECOND_ORDER": 205,
    "baseline:SECOND_ORDER": 24,
    "v17_flow_vuln:IN_BAND": 394,
    "v17_flow_safe:javascript": 92,
    "v17_flow_safe:php": 109,
    "v17_js_second_order_focus": 89,
    "v17_flow_safe:python": 114,
    "baseline:IN_BAND": 34,
    "baseline:NONE": 25,
    "v17_js_safe_sequelize_focus": 12,
    "v17_flow_safe:java": 27
  }
}