{
  "strategy": "stratified_by_attack_type_and_language_when_available",
  "seed": 42,
  "train_count": 1705,
  "val_count": 366,
  "test_count": 364,
  "train_indices_sha256": "80590c1b665539ef1d8443a67d54b48561dda62609910efcf464f2a7cc5d11c3",
  "val_indices_sha256": "d6465485bc5d4274108472d0d03613e56d8ade04182a8d2d7490ce21aa72c6ee",
  "test_indices_sha256": "2a5a9cf674fff0a121cfaffec0590cd73b3710a1ae3c4ded99a4213f722e4657",
  "binary_class_weights": {
    "SAFE": 1.207448124885559,
    "VULNERABLE": 1.173871397972107
  },
  "attack_type_class_weights": {
    "NONE": 0.6505647301673889,
    "IN_BAND": 2.173314094543457,
    "BLIND": 3.2617390155792236,
    "SECOND_ORDER": 1.150390625
  },
  "type_hardcase_boost": {
    "NONE": 1.25,
    "IN_BAND": 1.5499999523162842,
    "BLIND": 1.7599999904632568,
    "SECOND_ORDER": 0.949999988079071
  },
  "binary_hardcase_boost": {
    "SAFE": 1.159999966621399,
    "VULNERABLE": 1.2200000286102295
  },
  "sample_weight_summary": {
    "train_binary_mean": 3.5555427074432373,
    "train_type_mean": 4.003049373626709,
    "train_binary_max": 5.199999809265137,
    "train_type_max": 7.599999904632568
  },
  "train_family_counts": {
    "v18_flow_safe:php|binary_balance_safe_resample": 114,
    "v18_flow_vuln:SECOND_ORDER": 191,
    "v18_flow_safe:php": 117,
    "v18_flow_safe:javascript|binary_balance_safe_resample": 101,
    "v18_flow_vuln:BLIND": 207,
    "v18_flow_safe:java|binary_balance_safe_resample": 23,
    "v18_js_safe_sequelize_focus": 21,
    "v18_flow_safe:python|binary_balance_safe_resample": 129,
    "v18_flow_vuln:IN_BAND": 278,
    "v18_flow_safe:javascript": 85,
    "v18_flow_safe:java": 30,
    "v18_js_second_order_focus": 133,
    "baseline:SECOND_ORDER": 28,
    "baseline:NONE|binary_balance_safe_resample": 28,
    "v18_flow_safe:python": 118,
    "baseline:NONE": 34,
    "baseline:BLIND": 23,
    "baseline:IN_BAND": 26,
    "v18_js_safe_sequelize_focus|binary_balance_safe_resample": 19
  }
}