{
  "created_at": "2026-05-08T10:50:50.213144Z",
  "n_samples": 1513,
  "sequence_length": 256,
  "vocabulary_size": 179,
  "vocabulary_sha256": "ae3141d41fb1d93e33d54e6571c570e1e6286f079afdb1c2440a5d439632e92f",
  "pad_id": 0,
  "unk_id": 1,
  "verdict_counts": {
    "SAFE": 413,
    "VULNERABLE": 1100
  },
  "attack_type_counts": {
    "NONE": 413,
    "IN_BAND": 508,
    "BLIND": 410,
    "SECOND_ORDER": 182
  },
  "language_counts": {
    "java": 249,
    "php": 535,
    "javascript": 349,
    "python": 380
  },
  "sample_family_counts": {
    "v13_flow_vuln:BLIND": 371,
    "baseline:BLIND": 39,
    "baseline:NONE": 42,
    "v13_flow_vuln:IN_BAND": 471,
    "v13_flow_vuln:SECOND_ORDER": 140,
    "v13_flow_safe:php": 137,
    "baseline:IN_BAND": 37,
    "v13_flow_safe:python": 124,
    "v13_flow_safe:javascript": 78,
    "baseline:SECOND_ORDER": 42,
    "v13_flow_safe:java": 32
  },
  "avg_sample_weight_binary": 3.476140022277832,
  "avg_sample_weight_type": 3.8969595432281494,
  "max_sample_weight_binary": 4.400000095367432,
  "max_sample_weight_type": 7.199999809265137,
  "avg_non_pad_length": 98.73430270984798,
  "max_non_pad_length": 256,
  "min_non_pad_length": 37,
  "padded_samples": 1510,
  "truncated_samples": 3,
  "truncation_rate": 0.0019828155981493722,
  "unk_token_count": 2356,
  "unk_rate": 0.01577132911604244,
  "duplicate_sequence_count": 0,
  "top_tokens": [
    [
      "=",
      10875
    ],
    [
      "(",
      10334
    ],
    [
      ")",
      10332
    ],
    [
      ";",
      10116
    ],
    [
      ".",
      7776
    ],
    [
      "STRING",
      7589
    ],
    [
      ",",
      4631
    ],
    [
      "NUMBER",
      4168
    ],
    [
      "VAR_3",
      3725
    ],
    [
      "{",
      3280
    ],
    [
      "}",
      3274
    ],
    [
      "VAR_1",
      3127
    ],
    [
      "VAR_2",
      3084
    ],
    [
      "VAR_5",
      2760
    ],
    [
      "VAR_4",
      2741
    ],
    [
      "[",
      2494
    ],
    [
      "]",
      2494
    ],
    [
      "VAR_6",
      2490
    ],
    [
      ":",
      2393
    ],
    [
      "UNK",
      2356
    ],
    [
      "VAR_7",
      2328
    ],
    [
      "SAFE_NUMERIC_VAR",
      2197
    ],
    [
      "VAR_8",
      2092
    ],
    [
      "VAR_0",
      2015
    ],
    [
      "SQL_STRING",
      1940
    ]
  ]
}